title,console,genre,publisher,developer,total_shipped,release_date,year
Tetris,Series,Puzzle,The Tetris Company,Alexey Pajitnov,520.0,1988-01-01,1988
Pokemon,Series,Role-Playing,Nintendo,Game Freak,516.33,1998-09-28,1998
Call of Duty,Series,Shooter,Activision,Infinity Ward,500.0,2003-10-29,2003
Grand Theft Auto,Series,Action-Adventure,Rockstar Games,Rockstar North,475.0,1998-03-27,1998
Super Mario,Series,Platform,Nintendo,Nintendo,434.57,1983-07-20,1983
Minecraft,Series,Sandbox,Mojang,Mojang,350.0,2011-11-18,2011
FIFA,Series,Sports,EA Sports,Extended Play Productions (1991-1997),325.0,1993-12-15,1993
Assassin's Creed,Series,Action-Adventure,Ubisoft,Ubisoft,251.5,2007-11-13,2007
Resident Evil,Series,Action-Adventure,Capcom,Capcom,213.0,1996-03-30,1996
Final Fantasy,Series,Role-Playing,Square,Square,212.0,1987-12-18,1987
Mario Kart,Series,Racing,Nintendo,Nintendo,208.5,1992-09-01,1992
Lego,Series,Action-Adventure,Warner Bros. Interactive Entertainment,TT Fusion,203.22,1997-09-26,1997
The Sims,Series,Simulation,Electronic Arts,Maxis,200.0,2000-02-04,2000
NBA 2K,Series,Sports,2K Games,Visual Concepts,175.0,1999-11-10,1999
The Legend of Zelda,Series,Action-Adventure,Nintendo,Nintendo,161.04,1987-07-14,1987
Tomb Raider,Series,Action-Adventure,Eidos Interactive,Core Design,153.0,1996-11-14,1996
Madden NFL,Series,Sports,Electronic Arts,Park Place Productions,150.0,1988-06-01,1988
Need for Speed,Series,Racing,Electronic Arts,EA Black Box,150.0,1994-08-31,1994
Wii/Nintendo Sports,Series,Sports,Nintendo,Nintendo,134.36,2006-11-19,2006
Monster Hunter,Series,Role-Playing,Capcom,Capcom,131.0,2004-09-21,2004
Red Dead,Series,Action-Adventure,Rockstar Games,Rockstar San Diego,116.0,2004-05-04,2004
Sonic the Hedgehog,Series,Platform,Sega,Sonic Team,115.12,1991-06-23,1991
Pro Evolution Soccer/eFootball,Series,Sports,Konami,Konami,112.5,1995-12-22,1995
Mortal Kombat,Series,Fighting,Warner Bros. Interactive Entertainment,Avalanche Software,101.8,1992-10-08,1992
Gran Turismo,Series,Racing,Sony Interactive Entertainment,Polyphony Digital,100.0,1998-05-12,1998
Borderlands,Series,Shooter,2K Games,Gearbox Software,100.0,2009-10-20,2009
WWE 2K,Series,Fighting,2K Games,Visual Concepts,98.0,2000-03-02,2000
Dragon Quest,Series,Role-Playing,Square,ArtePiazza,97.0,1986-05-27,1986
Battlefield,Series,Shooter,Electronic Arts,EA DICE,95.7,2002-09-10,2002
The Witcher,Series,Role-Playing,CD Projekt,CD Projekt Red Studio,90.0,2007-10-30,2007
Mario Party,Series,Party,Nintendo,Hudson Soft,88.39,1999-02-01,1999
The Elder Scrolls,Series,Role-Playing,Bethesda Softworks,Bethesda Softworks,87.7,1994-03-25,1994
Animal Crossing,Series,Simulation,Nintendo,Nintendo,85.21,2002-09-16,2002
Harry Potter/Wizarding World,Series,Action-Adventure,Electronic Arts,Griptonite Games,82.7,2001-11-15,2001
Halo,Series,Shooter,Microsoft Game Studios,Bungie,81.0,2001-11-15,2001
Dragon Ball,Series,Role-Playing,Bandai,Tose,80.49,1986-09-27,1986
Just Dance,Series,Music,Ubisoft,Ubisoft,80.0,2009-11-17,2009
Civilization,Series,Strategy,Microprose,Firaxis Games,80.0,1991-09-01,1991
Super Smash Bros.,Series,Fighting,Nintendo,Nintendo,79.44,1999-04-26,1999
God of War,Series,Action,Sony Interactive Entertainment,SIE Santa Monica Studio,76.55,2005-03-22,2005
Ark,Series,Action-Adventure,Studio Wildcard,Studio Wildcard,76.26,2017-08-27,2017
Crash Bandicoot,Series,Platform,Sony Interactive Entertainment,Naughty Dog,75.0,1996-09-09,1996
PUBG,Series,Shooter,PUBG Corporation,PUBG Corporation,75.0,2017-12-20,2017
Worms,Series,Strategy,Team17,Team17,75.0,1995-10-31,1995
Donkey Kong,Series,Platform,Nintendo,Nintendo,71.55,1981-07-31,1981
Terraria,Series,Action-Adventure,505 Games,Re-Logic,70.0,2011-05-16,2011
Metal Gear,Series,Action-Adventure,Konami,Konami,66.4,1987-07-13,1987
Counter-Strike,Series,Shooter,Valve,Valve,65.0,2000-11-09,2000
The Oregon Trail,Series,Education,MECC,MECC,65.0,1971-12-03,1971
ARMA,Series,Shooter,505 Games,Bohemia Interactive,64.28,2007-05-04,2007
Far Cry,Series,Shooter,Ubisoft,Ubisoft,62.5,2004-03-23,2004
Tekken,Series,Fighting,Namco,Bandai Namco Studios,61.0,1994-12-11,1994
Street Fighter,Series,Fighting,Capcom,Capcom,60.0,1987-08-30,1987
Star Wars: Battlefront,Series,Shooter,LucasArts,Pandemic Studios,60.0,2004-09-21,2004
Spider-Man,Series,Action-Adventure,Parker Brothers,Parker Brothers,59.0,1982-01-01,1982
Warriors,Series,Action,KOEI,Omega Force,56.67,1997-06-30,1997
Diablo,Series,Role-Playing,Blizzard Entertainment,Blizzard North,55.0,1997-01-03,1997
Lego Star Wars,Series,Action-Adventure,Warner Bros. Interactive Entertainment,TT Fusion,53.2,2005-03-29,2005
Marvel's Spider-Man,Series,Action-Adventure,Sony Interactive Entertainment,Insomniac Games,51.0,2018-09-07,2018
Kirby,Series,Platform,Nintendo,HAL Laboratory,50.82,1992-08-01,1992
Total War,Series,Strategy,Sega,Creative Assembly,50.48,2000-06-13,2000
The Walking Dead: Telltale Games Series,Series,Adventure,Telltale Games,Telltale Games,50.0,2012-04-24,2012
Bejeweled,Series,Puzzle,PopCap Games,PopCap Games,50.0,2001-05-30,2001
Destiny,Series,Shooter,Activision,Bungie,50.0,2014-09-09,2014
Stardew Valley,Series,Simulation,Chucklefish,ConcernedApe,50.0,2016-02-26,2016
Mega Man,Series,Platform,Capcom,Capcom,45.0,1987-12-17,1987
Uncharted,Series,Shooter,Sony Interactive Entertainment,Naughty Dog,44.33,2007-11-20,2007
Wii Fit,Series,Misc,Nintendo,Nintendo,43.8,2008-05-21,2008
BioShock,Series,Shooter,2K Games,Irrational Games,43.0,2007-08-21,2007
Souls,Series,Role-Playing,Bandai Namco Entertainment,From Software,42.79,2009-10-06,2009
Farming Simulator,Series,Simulation,Astragon,Giants Software,42.0,2008-04-14,2008
Gears of War,Series,Shooter,Microsoft Game Studios,Epic Games,41.0,2006-11-07,2006
Devil May Cry,Series,Action,Capcom,Capcom,41.0,2001-10-16,2001
Payday,Series,Shooter,Daybreak Games,Overkill Software,40.7,2011-10-18,2011
World of WarCraft,Series,MMO,Blizzard Entertainment,Blizzard Entertainment,40.6,2004-11-23,2004
Tom Clancy's Ghost Recon,Series,Shooter,Ubisoft,Red Storm Entertainment,40.0,2001-11-13,2001
Guitar Hero,Series,Music,Activision,Harmonix,40.0,2005-11-08,2005
Horizon,Series,Action-Adventure,Sony Interactive Entertainment,Guerrilla Games,40.0,2017-02-28,2017
Hitman,Series,Action-Adventure,Eidos Interactive,IO Interactive,40.0,2000-11-21,2000
Dark Souls,Series,Role-Playing,Bandai Namco Entertainment,From Software,39.71,2011-10-04,2011
Medal of Honor,Series,Shooter,Electronic Arts,"2015, Inc.",39.0,1999-10-31,1999
Naruto: Ultimate Ninja,Series,Fighting,Bandai Namco Entertainment,CyberConnect2,37.86,2006-06-26,2006
The Last of Us,Series,Action-Adventure,Sony Interactive Entertainment,Naughty Dog,37.45,2013-06-14,2013
Yakuza/Like a Dragon,Series,Action-Adventure,Sega,Sega,36.47,2006-09-05,2006
Kingdom Hearts,Series,Role-Playing,Square Enix,Square,36.0,2002-09-17,2002
Tom Clancy's Rainbow Six,Series,Shooter,Ubisoft,Ubisoft,36.0,1998-08-21,1998
Fallout,Series,Role-Playing,Bethesda Softworks,Interplay Entertainment,35.9,1997-10-10,1997
Brain Age,Series,Puzzle,Nintendo,Nintendo,35.16,2006-04-16,2006
Elden Ring,Series,Role-Playing,Bandai Namco Entertainment,From Software,35.0,2022-02-25,2022
NBA Live,Series,Sports,EA Sports,EA Canada,35.0,1994-10-01,1994
Ratchet & Clank,Series,Shooter,Sony Interactive Entertainment,Insomniac Games,33.71,2002-11-04,2002
Saints Row,Series,Sandbox,THQ,Volition,33.7,2006-08-29,2006
Football Manager,Series,Simulation,Sega,Sports Interactive,33.33,2004-11-05,2004
Half-life,Series,Shooter,Valve,Valve,33.1,1998-11-19,1998
James Bond/007,Series,Action-Adventure,Parker Bros.,Richard Shepherd Software,32.7,1983-01-01,1983
Yu-Gi-Oh!,Series,Strategy,Konami,Konami,32.6,2002-03-20,2002
Tales of,Series,Role-Playing,Namco,Bandai Namco Studios,31.21,1998-09-30,1998
Tony Hawk's,Series,Sports,Activision,Neversoft,31.12,1999-09-29,1999
Tom Clancy's Splinter Cell,Series,Action-Adventure,Ubisoft,Ubisoft,31.0,2002-11-17,2002
Mario & Sonic at the Olympic Games,Series,Sports,Sega,Sega,30.9,2007-11-06,2007
Persona,Series,Role-Playing,Atlus,Atlus,30.88,1996-11-01,1996
Age of Empires,Series,Strategy,Microsoft,Ensemble Studios,30.82,1997-10-15,1997
Splatoon,Series,Shooter,Nintendo,Nintendo,30.51,2015-05-29,2015
Command & Conquer,Series,Strategy,Electronic Arts,Westwood Studios,30.0,1995-09-26,1995
Spyro,Series,Platform,Sony Interactive Entertainment,Insomniac Games,30.0,1998-09-10,1998
Dying Light,Series,Action-Adventure,Techland,Techland,30.0,2015-01-27,2015
Wii Play,Series,Party,Nintendo,Nintendo,29.66,2007-02-12,2007
Nintendogs,Series,Simulation,Nintendo,Nintendo,28.65,2005-08-22,2005
Yoshi,Series,Platform,Nintendo,Nintendo,27.66,1992-06-01,1992
Baldur's Gate,Series,Role-Playing,Interplay Entertainment Corp.,BioWare,27.47,2000-07-31,2000
Portal,Series,Puzzle,Valve,Valve,27.03,2007-10-10,2007
Jikkyo Powerful Pro Yakyu,Series,Sports,Konami,Konami,26.8,1994-03-11,1994
Rayman,Series,Platform,Ubisoft,Ubisoft,26.0,1995-09-19,1995
Luigi's Mansion,Series,Action-Adventure,Nintendo,Nintendo,25.94,2001-11-18,2001
Puyo Puyo,Series,Puzzle,Sega,Compile,25.0,2002-02-11,2002
Tiger Woods PGA Tour,Series,Sports,EA Sports,EA Redwood Shores,25.0,1998-08-31,1998
Batman: Arkham,Series,Action-Adventure,Warner Bros. Interactive Entertainment,Rocksteady Studios,24.81,2009-08-25,2009
Naruto: Ultimate Ninja Storm,Series,Fighting,Namco Bandai Games,CyberConnect2,24.38,2008-11-04,2008
Dynasty Warriors,Series,Action,KOEI,Omega Force,24.0,1997-06-30,1997
Petz,Series,Simulation,PF.Magic,PF Magic,24.0,1995-01-01,1995
Subnautica,Series,Adventure,Unknown Worlds Entertainment,Unknown Worlds Entertainment,23.5,2018-01-23,2018
Teenage Mutant Ninja Turtles,Series,Action-Adventure,Konami,Konami,22.6,1989-05-12,1989
Microsoft Flight Simulator,Series,Simulation,Microsoft,Sublogic,22.2,1982-11-01,1982
Hollow Knight,Series,Action-Adventure,Team Cherry,Team Cherry,22.0,2017-02-24,2017
SpongeBob SquarePants,Series,Action-Adventure,THQ,Vicarious Visions,22.0,2001-03-15,2001
Castlevania,Series,Action-Adventure,Konami,Konami,21.63,1986-09-26,1986
Ace Combat,Series,Simulation,Namco,Namco,21.0,1995-09-09,1995
Imagine,Series,Simulation,Ubisoft,Ubisoft,21.0,2007-10-01,2007
Super Robot Wars,Series,Role-Playing,Bandai,Banpresto,20.8,1991-04-20,1991
The Lord of the Rings,Series,Action-Adventure,Melbourne House,Beam Software,20.57,1982-11-01,1982
Momotaro Dentetsu,Series,Board Game,Konami,Hudson Soft,20.1,1988-12-02,1988
Frogger,Series,Action,Konami,Konami,20.0,1981-10-23,1981
Gundam,Series,Action-Adventure,Bandai,Banpresto,20.0,1997-05-02,1997
Prince of Persia,Series,Action-Adventure,Ubisoft,Broderbund,20.0,1989-08-03,1989
Rayman Raving Rabbids,Series,Action-Adventure,Ubisoft,Ubisoft,20.0,2006-11-19,2006
Lemmings,Series,Puzzle,Psygnosis,DMA Design,20.0,1991-02-14,1991
SimCity,Series,Simulation,Maxis,Maxis,20.0,1989-02-02,1989
Watch Dogs,Series,Action-Adventure,Ubisoft,Ubisoft,20.0,2014-05-27,2014
Little Nightmares,Series,Platform,Bandai Namco Entertainment,Tarsier Studios,20.0,2017-04-28,2017
Tom Clancy's The Division,Series,Shooter,Ubisoft,Massive Entertainment,20.0,2016-03-08,2016
Sniper Elite,Series,Shooter,Rebellion Developments,Rebellion Developments,20.0,2005-10-18,2005
SingStar,Series,Music,Sony Interactive Entertainment,London Studios,20.0,2004-05-21,2004
Simple,Series,Misc,Agetec,Bandai Namco Studios,20.0,2002-11-30,2002
StarCraft,Series,Strategy,Blizzard Entertainment,Blizzard Entertainment,19.1,1998-03-31,1998
Metroid,Series,Action-Adventure,Nintendo,Nintendo,19.03,1987-08-15,1987
Driver,Series,Racing,GT Interactive,Ubisoft Reflections,19.0,1999-06-30,1999
WarCraft,Series,Strategy,Blizzard Entertainment,Blizzard Entertainment,19.0,1994-11-23,1994
Dead Rising,Series,Action-Adventure,Capcom,Capcom,19.0,2006-08-08,2006
Tomodachi,Series,Simulation,Nintendo,Nintendo,18.58,2014-06-06,2014
Midnight Club,Series,Racing,Rockstar Games,Rockstar San Diego,18.5,2000-10-26,2000
Professor Layton,Series,Adventure,Nintendo,Level-5,18.0,2008-02-10,2008
Silent Hill,Series,Action-Adventure,Konami,Konami Computer Entertainment Tokyo,17.8,1999-02-23,1999
Pokemon Mystery Dungeon,Series,Role-Playing,Nintendo,Chunsoft,17.26,2006-09-18,2006
RollerCoaster Tycoon,Series,Simulation,Hasbro Interactive,Chris Sawyer Productions,17.23,1999-03-22,1999
Dragon Age,Series,Role-Playing,Electronic Arts,BioWare,17.2,2009-11-03,2009
Zuma,Series,Puzzle,PopCap Games,Oberon Media,17.0,2003-12-12,2003
SoulCalibur,Series,Fighting,Namco,Project Soul,17.0,1996-12-20,1996
Fire Emblem,Series,Strategy,Nintendo,Intelligent Systems,16.75,2003-11-03,2003
Mario Tennis,Series,Sports,Nintendo,Nintendo,16.75,1995-08-14,1995
Deus Ex,Series,Role-Playing,Eidos Interactive,Ion Storm,16.4,2000-06-17,2000
Metro,Series,Shooter,THQ,4a-games,16.2,2010-03-16,2010
Dead Island,Series,Action-Adventure,Deep Silver,Techland,16.0,2011-09-06,2011
Kingdom Come: Deliverance,Series,Role-Playing,Deep Silver,Warhorse Studios,16.0,2018-02-13,2018
Mass Effect,Series,Role-Playing,Electronic Arts,BioWare,16.0,2007-11-20,2007
Paper Mario,Series,Role-Playing,Nintendo,Intelligent Systems,15.57,2001-02-05,2001
Dragon Ball Xenoverse,Series,Fighting,Bandai Namco Games,Dimps Corporation,15.49,2015-02-24,2015
Ori,Series,Platform,Microsoft Studios,Moon Studios,15.0,2015-03-11,2015
Gex,Series,Platform,BMG Interactive Entertainment,Crystal Dynamics,15.0,1995-04-01,1995
Barbie,Series,Action-Adventure,Hi Tech Expressions,Imagineering,15.0,1991-12-01,1991
Just Cause,Series,Shooter,Eidos Interactive,Avalanche Studios,15.0,2006-09-27,2006
Ace Attorney,Series,Adventure,Capcom,Capcom,15.0,2005-10-12,2005
Backyard Sports,Series,Sports,Humongous Entertainment,Humongous Entertainment,15.0,1997-01-01,1997
Famista,Series,Sports,Namco,Namco,15.0,1986-12-10,1986
Burnout,Series,Racing,EA Sports,Criterion Games,15.0,2001-11-01,2001
Lego Batman,Series,Action-Adventure,Warner Bros. Interactive Entertainment,TT Fusion,14.4,2008-09-23,2008
Everybody's Golf,Series,Sports,Sony Interactive Entertainment,Camelot Software,14.19,1998-04-30,1998
Mario & Luigi,Series,Role-Playing,Nintendo,AlphaDream,14.19,2003-11-17,2003
Dragon's Dogma,Series,Role-Playing,Capcom,Capcom,14.0,2012-05-22,2012
Yo-kai Watch,Series,Role-Playing,Nintendo,Level 5,14.0,2015-11-06,2015
Mafia,Series,Action-Adventure,2K Games,Illusion Softworks,14.0,2002-08-29,2002
Guild Wars,Series,MMO,NCSoft,ArenaNet,13.5,2005-04-26,2005
Rock Band,Series,Music,MTV Games,Harmonix,13.2,2007-11-20,2007
Cities: Skylines,Series,Simulation,Paradox Interactive,Colossal Order,13.0,2015-03-10,2015
A Way Out,Series,Action-Adventure,Electronic Arts,Hazelight,13.0,2018-03-23,2018
Gungeon,Series,Action-Adventure,Devolver Digital,Dodge Roll,13.0,2016-04-05,2016
Ghost,Series,Action-Adventure,Sony Interactive Entertainment,Sucker Punch Productions,13.0,2020-07-17,2020
Scribblenauts,Series,Puzzle,Warner Bros. Interactive Entertainment,5th Cell,13.0,2009-09-15,2009
Marvel vs. Capcom,Series,Fighting,Capcom,Capcom,13.0,1996-12-01,1996
Fable,Series,Role-Playing,Microsoft Game Studios,Big Blue Box,12.58,2004-09-14,2004
Myst,Series,Adventure,Broderbund,"Cyan, Inc.",12.5,1993-09-24,1993
Mario Golf,Series,Sports,Nintendo,Nintendo,12.35,1991-09-29,1991
NieR,Series,Action-Adventure,Square Enix,Cavia,12.2,2010-04-23,2010
Wario,Series,Platform,Nintendo,Nintendo,12.13,1994-03-13,1994
Jak and Daxter,Series,Action-Adventure,Sony Interactive Entertainment,Naughty Dog,12.0,2001-12-03,2001
Cooking Mama,Series,Simulation,Majesco Entertainment,Cooking Mama Limited,12.0,2006-09-12,2006
SOCOM,Series,Shooter,Sony Interactive Entertainment,Zipper Interactive,12.0,2002-08-27,2002
Left 4 Dead,Series,Shooter,Valve,Valve,12.0,2008-11-17,2008
Mount & Blade,Series,Role-Playing,TaleWorlds Entertainment,TaleWorlds Entertainment,12.0,2008-09-16,2008
Bomberman,Series,Puzzle,Konami,Hudson Soft,12.0,1987-01-01,1987
LittleBigPlanet,Series,Platform,Sony Computer Entertainment,Media Molecule,11.66,2008-10-27,2008
Taiko no Tatsujin,Series,Music,Namco,Bandai Namco Studios,11.64,2004-10-26,2004
The Room,Series,Puzzle,Fireproof Games,Fireproof Games,11.6,2012-09-01,2012
Max Payne,Series,Shooter,Rockstar Games,Remedy Entertainment,11.5,2001-07-23,2001
Big Brain Academy,Series,Puzzle,Nintendo,Nintendo,11.43,2006-06-05,2006
Wii Party,Series,Party,Nintendo,NDcube,11.14,2010-10-03,2010
Sniper: Ghost Warrior,Series,Shooter,City Interactive,CI Games,11.0,2008-10-16,2008
Dead or Alive,Series,Fighting,Tecmo,Team Ninja,11.0,1998-03-31,1998
Nobunaga's Ambition,Series,Strategy,KOEI,Koei,11.0,1983-03-01,1983
Dance Dance Revolution,Series,Music,Konami,Konami,11.0,1998-09-26,1998
Deep Rock Galactic,Series,Shooter,Coffee Stain Publishing,Ghost Ship Games,11.0,2020-05-13,2020
Rocket League,Series,Sports,Psyonix,Psyonix,10.5,2015-07-07,2015
Megami Tensei,Series,Role-Playing,Atlus,Atlus,10.24,2004-10-12,2004
SaGa,Series,Role-Playing,Square Enix,Square,10.1,1990-09-30,1990
Danganronpa,Series,Adventure,NIS America,Spike Chunsoft,10.0,2014-02-11,2014
Star Wars Jedi,Series,Action-Adventure,Electronic Arts,Respawn Entertainment,10.0,2019-11-15,2019
MX vs. ATV,Series,Racing,THQ Nordic,Rainbow Studios,10.0,2001-02-05,2001
One Piece: Pirate Warriors,Series,Action-Adventure,Bandai Namco Games,Omega Force,10.0,2012-09-25,2012
Nioh,Series,Role-Playing,Koei Tecmo,Team Ninja,10.0,2017-02-07,2017
The Settlers,Series,Strategy,Blue Byte,Blue Byte,10.0,1993-06-30,1993
Broken Sword,Series,Adventure,Virgin Interactive,Revolution Software,10.0,1996-09-30,1996
Killing Floor,Series,Shooter,Tripwire Interactive,Tripwire Interactive,10.0,2009-05-14,2009
Pitfall,Series,Platform,Activision,Activision,10.0,1982-04-20,1982
Buzz!,Series,Party,Sony Interactive Entertainment,Relentless Software,10.0,2005-10-21,2005
The Binding of Isaac,Series,Action,Edmund McMillen,Edmund McMillen,9.93,2011-09-28,2011
Star Fox,Series,Shooter,Nintendo,Nintendo,9.88,1993-03-26,1993
Pikmin,Series,Strategy,Nintendo,Nintendo,9.87,2001-12-02,2001
Dragon Quest Monsters,Series,Role-Playing,Square Enix,TOSE,9.75,2000-01-25,2000
Romance of the Three Kingdoms,Series,Strategy,KOEI,Koei,9.5,1985-12-10,1985
Carnival Games,Series,Party,Global Star Software,Cat Daddy Games,9.5,2007-08-27,2007
Pokémon Stadium,Series,Strategy,Nintendo,Nintendo,9.37,2000-03-06,2000
Xeno,Series,Role-Playing,Square,Square,9.36,1998-10-20,1998
Alan Wake,Series,Action-Adventure,Microsoft Game Studios,Remedy Entertainment,9.2,2010-05-18,2010
Onimusha,Series,Action-Adventure,Capcom,Capcom,9.2,2001-03-13,2001
The Experience,Series,Music,Ubisoft,Ubisoft,9.0,2010-11-06,2010
This War of Mine,Series,Strategy,11 bit studios,11 bit studios,9.0,2014-11-14,2014
Ninja Gaiden,Series,Action,Tecmo,Tecmo,8.96,1988-10-01,1988
Inazuma Eleven,Series,Role-Playing,Level 5,Level 5,8.8,2008-08-22,2008
Monument Valley,Series,Puzzle,Ustwo Games,Ustwo Games,8.59,2014-04-03,2014
Resistance,Series,Shooter,Sony Computer Entertainment,Insomniac Games,8.53,2006-11-17,2006
Samurai Warriors,Series,Action,KOEI,Omega Force,8.5,2004-05-06,2004
Atelier,Series,Role-Playing,Koei Tecmo,Gust,8.3,2005-06-28,2005
"Warhammer 40,000: Space Marine",Series,Shooter,THQ,Relic Entertainment,8.1,2011-09-06,2011
Moto Racer,Series,Racing,Electronic Arts,SK Software International,8.0,1997-09-03,1997
Kinect Sports,Series,Sports,Microsoft Game Studios,Rare,8.0,2010-10-09,2010
Cuphead,Series,Platform,Studio MDHR,Studio MDHR,8.0,2017-09-29,2017
Unreal,Series,Shooter,GT Interactive,Epic Games,8.0,1998-05-22,1998
Chrono,Series,Role-Playing,Square,Square,7.8,1995-08-11,1995
Magicka,Series,Action-Adventure,Paradox Interactive,Arrowhead Game Studios,7.66,2011-01-25,2011
Jurassic Park,Series,Action-Adventure,Ocean Software,Ocean Software,7.57,1993-12-28,1993
Crysis,Series,Shooter,Electronic Arts,Crytek,7.5,2007-11-13,2007
Trine,Series,Platform,Nobilis,Frozenbyte,7.39,2009-07-03,2009
inFAMOUS,Series,Action-Adventure,Sony Computer Entertainment,Sucker Punch Productions,7.3,2009-05-26,2009
The Forest,Series,Simulation,Endnight Games Ltd,Endnight Games Ltd,7.3,2018-04-30,2018
WarioWare,Series,Party,Nintendo,Nintendo,7.26,2003-05-26,2003
Clubhouse Games,Series,Party,Nintendo,"Agenda, C.A. Production, NDcube",7.21,2006-10-09,2006
Oddworld,Series,Action-Adventure,GT Interactive,Oddworld Inhabitants,7.2,1997-09-19,1997
Risk of Rain,Series,Action-Adventure,Chucklefish,Hopoo Games,7.0,2013-11-08,2013
King's Quest,Series,Adventure,Sierra Online,On-Line Systems,7.0,1984-05-10,1984
Lost Planet,Series,Shooter,Capcom,Capcom,7.0,2007-01-12,2007
The Legend of Heroes: Trails,Series,Role-Playing,Xseed Games,Falcom,7.0,2011-03-29,2011
Octopath Traveler,Series,Role-Playing,Square Enix,Square Enix,7.0,2018-07-13,2018
Mana,Series,Role-Playing,Square,Square,7.0,1991-11-01,1991
Darkest Dungeon,Series,Role-Playing,Red Hook Studios,Red Hook Studios,7.0,2016-01-19,2016
DiRT,Series,Racing,Codemasters,Codemasters,7.0,2007-06-19,2007
Project Gotham Racing,Series,Racing,Sega,Bizarre Creations,7.0,2001-01-15,2001
Rugrats,Series,Action-Adventure,THQ,Realtime Associates,7.0,1999-06-29,1999
"Warhammer 40,000: Dawn of War",Series,Strategy,THQ,Relic Entertainment,7.0,2004-09-20,2004
Mario vs. Donkey Kong,Series,Puzzle,Nintendo,Nintendo Software Technology Corporation,6.99,2004-05-24,2004
Pokémon Ranger,Series,Role-Playing,Nintendo,HAL Laboratory,6.81,2006-10-30,2006
Mario Strikers,Series,Sports,Nintendo,Next Level Games,6.74,2005-12-05,2005
Star Wars: Knights of the Old Republic,Series,Role-Playing,LucasArts,BioWare,6.73,2003-07-15,2003
Pokémon Pinball,Series,Misc,Nintendo,Jupiter,6.68,1999-06-29,1999
Ben 10,Series,Action-Adventure,D3 Publisher,High Voltage Software,6.6,2007-10-30,2007
Diddy Kong Racing,Series,Racing,Nintendo,Rare Ltd.,6.47,1997-11-24,1997
Elite,Series,Simulation,Imagineer,David Braben,6.4,1984-09-20,1984
Hatsune Miku: Project,Series,Music,Sega,Sega,6.35,2012-04-09,2012
Bayonetta,Series,Action,Sega,PlatinumGames,6.24,2010-01-05,2010
Pokémon Snap,Series,Simulation,Nintendo,HAL Laboratory,6.03,1999-06-30,1999
Conflict,Series,Shooter,Gotham Games,Pivotal Games,6.0,2002-09-30,2002
Championship Manager,Series,Simulation,Domark Software,Intelek,6.0,1992-09-01,1992
Hyrule Warriors,Series,Action,Nintendo,Omega Force,6.0,2014-09-26,2014
NBA Jam,Series,Sports,Midway,Midway,6.0,1994-03-04,1994
Dead Space,Series,Action-Adventure,Electronic Arts,EA Redwood Shores,6.0,2008-10-13,2008
MotorStorm,Series,Racing,Sony Interactive Entertainment,Evolution Studios,6.0,2007-03-06,2007
Final Fantasy Pixel Remaster,Series,Role-Playing,Square Enix,Square Enix,6.0,2021-07-28,2021
Style Savvy,Series,Simulation,Nintendo,syn Sophia,5.83,2009-11-02,2009
Total War: Warhammer,Series,Strategy,Sega,Creative Assembly,5.74,2016-05-24,2016
Trials,Series,Platform,RedLynx,RedLynx,5.7,2009-08-12,2009
Anno,Series,Simulation,GT Interactive,Max Design,5.7,2000-02-01,2000
Dishonored,Series,Action-Adventure,Bethesda Softworks,Arkane Studios,5.67,2012-10-09,2012
Frostpunk,Series,Strategy,11 bit studios,11 bit studios,5.59,2018-04-24,2018
XCOM,Series,Strategy,Microprose,Mythos Games,5.55,1994-03-01,1994
Lords of the Fallen,Series,Role-Playing,CI Games,Deck13 Interactive,5.5,2014-10-28,2014
Super Mario RPG,Series,Role-Playing,Nintendo,Square,5.45,1996-05-13,1996
Alien,Series,Shooter,Fox Interactive,Fox Video Games,5.36,1982-01-01,1982
Slime Rancher,Series,Simulation,Monomi Park,Monomi Park,5.3,2017-08-01,2017
Wolfenstein,Series,Shooter,Bethesda Softworks,Muse Software,5.27,1981-09-01,1981
Postal,Series,Shooter,Ripcord Games,Running with Scissors,5.26,1997-09-24,1997
Ridge Racer,Series,Racing,Namco,Namco,5.13,1993-12-01,1993
Killzone,Series,Shooter,Sony Computer Entertainment,Guerrilla Games,5.1,2004-11-02,2004
Disgaea,Series,Role-Playing,Atlus,Nippon Ichi Software,5.05,2003-08-27,2003
Tecmo Bowl,Series,Sports,Tecmo,Tecmo,5.0,1987-12-01,1987
Dino Crisis,Series,Action-Adventure,Capcom,Capcom,5.0,1999-08-31,1999
Close Combat,Series,Strategy,Microsoft,Atomic Games,5.0,1996-07-01,1996
S.T.A.L.K.E.R.,Series,Shooter,THQ,GSC Game World,5.0,2007-03-20,2007
Asterix,Series,Action-Adventure,Atari,Atari,5.0,1983-01-01,1983
Kerbal Space Program,Series,Simulation,Private Division,Squad,5.0,2015-04-27,2015
Ghostbusters,Series,Action,Activision,Activision,5.0,1984-10-26,1984
F-Zero,Series,Racing,Nintendo,Nintendo,5.0,1991-08-23,1991
Crusader Kings,Series,Strategy,Paradox Interactive,Paradox Development,5.0,2004-09-28,2004
The Matrix,Series,Action-Adventure,Infogrames,Shiny Entertainment,5.0,2003-05-14,2003
Chessmaster,Series,Board Game,Software Country,Ubisoft,5.0,1986-01-01,1986
The Outer Worlds,Series,Role-Playing,Private Division,Obsidian Entertainment,5.0,2019-10-25,2019
Torchlight,Series,Role-Playing,Encore,Runic Games,5.0,2009-10-27,2009
Darksiders,Series,Action-Adventure,THQ,Vigil Games,4.95,2010-01-05,2010
Okami,Series,Action-Adventure,Capcom,Clover Studio,4.8,2006-09-19,2006
Ys,Series,Role-Playing,Nihon Falcom Corp,Nihon Falcom,4.8,1987-06-21,1987
DuckTales,Series,Platform,Capcom,Capcom,4.8,1990-01-26,1990
Ghosts 'n Goblins,Series,Platform,Capcom,Capcom,4.8,1985-09-19,1985
Bravely,Series,Role-Playing,Nintendo,Silicon Studio,4.7,2014-02-07,2014
Wizardry,Series,Role-Playing,Sirtech,Sir-Tech,4.6,1981-09-01,1981
Capcom Arcade Stadium,Series,Misc,Capcom,Capcom,4.6,2021-02-17,2021
You Don't Know Jack,Series,Party,Berkeley Systems,Berkeley Systems,4.5,1995-01-01,1995
Might and Magic,Series,Role-Playing,New World Computing,New World Computing,4.5,1990-07-31,1990
Slay the Spire,Series,Strategy,Mega Crit Games,Mega Crit Games,4.5,2019-01-23,2019
Perfect Dark,Series,Shooter,Rare,Rare,4.2,2000-05-22,2000
Sakura Wars,Series,Role-Playing,Sega,Red Entertainment,4.1,2010-03-30,2010
Sengoku BASARA,Series,Action,Capcom,Capcom,4.1,2005-10-12,2005
Rhythm Heaven,Series,Music,Nintendo,Nintendo,4.07,2009-04-05,2009
Company of Heroes,Series,Strategy,THQ,Relic Entertainment,4.0,2006-09-12,2006
God Eater,Series,Role-Playing,Bandai Namco Entertainment,Shift,4.0,2011-03-15,2011
Zombie Army,Series,Shooter,Rebellion Developments,Rebellion Developments,4.0,2013-02-28,2013
Remnant,Series,Shooter,Perfect World Entertainment,Gunfire Games,4.0,2019-08-20,2019
Rocksmith,Series,Music,Ubisoft,Ubisoft,4.0,2011-10-18,2011
Turok,Series,Shooter,Acclaim Entertainment,Iguana Entertainment,4.0,1997-03-04,1997
Monster Rancher,Series,Role-Playing,Tecmo,Tecmo,4.0,1997-11-30,1997
Divinity,Series,Role-Playing,CDV Software Entertainment,Larian Studios,3.98,2002-09-22,2002
Homefront,Series,Shooter,THQ,Kaos Studios,3.8,2011-03-15,2011
Army of Two,Series,Shooter,Electronic Arts,EA Montreal,3.6,2008-03-06,2008
Legacy of Kain,Series,Action-Adventure,Crystal Dynamics,Silicon Knights,3.5,1996-11-01,1996
Drawn to Life,Series,Action-Adventure,THQ,5th Cell,3.5,2007-09-10,2007
Breath of Fire,Series,Role-Playing,Capcom,Capcom,3.5,1994-08-10,1994
Croc,Series,Platform,Fox Interactive,Argonaut Software,3.5,1997-09-29,1997
Kirby Air Ride,Series,Racing,Nintendo,HAL Laboratory,3.44,2003-10-13,2003
Star Ocean,Series,Role-Playing,Enix,tri-Ace,3.44,1996-07-19,1996
Spintires,Series,Simulation,IMGN PRO,Saber Interactive,3.39,2014-06-13,2014
Mario Baseball,Series,Sports,Nintendo,Namco,3.37,2005-08-29,2005
Commandos,Series,Strategy,Eidos Interactive,Pyro Studios,3.3,1998-08-28,1998
Top Gun,Series,Simulation,Ocean Software,Ocean Software,3.23,1986-12-01,1986
Final Fight,Series,Action,Capcom,Capcom,3.2,1989-12-01,1989
Front Mission,Series,Role-Playing,Square,G-Craft,3.18,2000-02-29,2000
Kid Icarus,Series,Platform,Nintendo,Nintendo,3.13,1987-07-01,1987
Quake,Series,Shooter,GT Interactive,id Software,3.1,1996-06-22,1996
Parasite Eve,Series,Role-Playing,Square,Square,3.1,1998-09-09,1998
Sacred,Series,Role-Playing,Encore,Ascaron,3.09,2004-03-25,2004
Frogwares' Sherlock Holmes,Series,Adventure,The Adventure Company,Frogwares,3.0,2003-01-22,2003
Road to Empress,Series,Adventure,New One Studio,New One Studio,3.0,2025-09-09,2025
Syberia,Series,Adventure,Microids,Microids,3.0,2002-01-09,2002
Pajama Sam,Series,Adventure,Humongous Entertainment,Humongous Entertainment,3.0,1996-08-06,1996
Game Party,Series,Party,Midway Games,FarSight Studios,3.0,2007-11-27,2007
Shantae,Series,Platform,Capcom,WayForward,3.0,2002-06-02,2002
Princess Peach,Series,Action-Adventure,Nintendo,Tose,3.0,2006-02-27,2006
Your Shape,Series,Sports,Ubisoft,Ubisoft,3.0,2009-11-24,2009
Rally Championship,Series,Racing,Electronic Arts,Red Rat Software,3.0,2000-01-31,2000
Granblue Fantasy,Series,Role-Playing,Xseed Games,Cygames,3.0,2020-03-03,2020
Chivalry,Series,Action,Torn Banner Studios,Torn Banner Studios,3.0,2007-09-10,2007
Warhammer: Vermintide,Series,Action,Fatshark,Fatshark,3.0,2015-10-23,2015
Code Vein,Series,Role-Playing,Bandai Namco Entertainment,Bandai Namco Studios,3.0,2019-09-27,2019
Digimon Story: Cyber Sleuth,Series,Role-Playing,Bandai Namco Entertainment,Media.Vision,3.0,2016-02-02,2016
Warriors Orochi,Series,Action,KOEI,Omega Force,2.93,2007-09-18,2007
Superhot,Series,Shooter,SUPERHOT Team,SUPERHOT Team,2.84,2016-02-25,2016
Ni no Kuni,Series,Role-Playing,Namco Bandai Games,Level 5,2.83,2013-01-22,2013
Kane & Lynch,Series,Shooter,Eidos Interactive,IO Interactive,2.82,2007-11-13,2007
Thief,Series,Action-Adventure,Eidos Interactive,Looking Glass Studios,2.81,1998-12-01,1998
Art Academy,Series,Education,Nintendo,Headstrong Games,2.78,2009-09-14,2009
Valkyria Chronicles,Series,Role-Playing,Sega,Sega,2.77,2008-11-04,2008
Shovel Knight,Series,Platform,Yacht Club Games,Yacht Club Games,2.65,2014-06-26,2014
Fantasy Life,Series,Simulation,Level 5,Level 5,2.61,2012-12-27,2012
Bloodstained,Series,Platform,Inti Creates,Inti Creates,2.6,2018-05-24,2018
Mirror's Edge,Series,Platform,Electronic Arts,EA DICE,2.54,2008-11-11,2008
The 7th Guest,Series,Puzzle,Virgin Interactive,Trilobyte,2.52,1993-04-01,1993
Dungeon Siege,Series,Role-Playing,Microsoft,Gas Powered Games,2.52,2002-04-05,2002
Comanche,Series,Simulation,NovaLogic,NUKKLEAR,2.5,1992-01-01,1992
Atelier Ryza,Series,Role-Playing,Koei Tecmo,Gust,2.5,2019-10-29,2019
Prey,Series,Shooter,Bethesda Softworks,Human Head Studios,2.5,2006-07-11,2006
Lumines,Series,Puzzle,Ubisoft,Q Entertainment,2.5,2005-03-23,2005
BlazBlue,Series,Fighting,Aksys Games,Arc System Works,2.44,2008-11-20,2008
Sonic & Sega All-Stars Racing,Series,Racing,Sega,Sumo Digital,2.43,2010-02-23,2010
Realms of Arkania,Series,Role-Playing,Sirtech,Attic Entertainment Software GmbH,2.4,1993-06-01,1993
CSI: Crime Scene Investigation,Series,Adventure,Ubisoft,369 Interactive,2.4,2003-03-26,2003
The Escapists,Series,Strategy,Team17,Mouldy Toof Studios,2.29,2015-02-13,2015
Project CARS,Series,Racing,Bandai Namco Entertainment,Slightly Mad Studios,2.26,2015-05-06,2015
Deponia,Series,Adventure,Daedalic Entertainment,Daedalic Entertainment,2.2,2012-08-06,2012
Valkyrie Profile,Series,Role-Playing,Enix,tri-Ace,2.2,2000-08-29,2000
Dragon Quest Builders,Series,Sandbox,Square Enix,Square Enix,2.2,2016-10-11,2016
Earth Defense Force,Series,Shooter,D3 Publisher,Sandlot,2.15,2003-06-26,2003
Hidden & Dangerous,Series,Shooter,TalonSoft,Illusion Softworks,2.0,1999-07-26,1999
Fitness Boxing,Series,Sports,Nintendo,Imagineer,2.0,2019-01-04,2019
Fire Emblem Warriors,Series,Action,Nintendo,Omega Force,2.0,2017-10-20,2017
Carmageddon,Series,Racing,Interplay Productions,Stainless Games,2.0,1997-06-30,1997
Leisure Suit Larry,Series,Adventure,Sierra Online,Sierra On-Line,2.0,1987-07-05,1987
Tak,Series,Platform,THQ,Avalanche Software,2.0,2003-10-15,2003
Destroy All Humans!,Series,Action-Adventure,THQ,Pandemic Studios,2.0,2005-06-21,2005
Destruction Derby,Series,Racing,Psygnosis,Reflections Interactive,2.0,1995-10-31,1995
Zork,Series,Adventure,Infocom,"Infocom, Inc.",1.93,1980-12-01,1980
Fatal Frame,Series,Action-Adventure,Tecmo,Tecmo,1.76,2002-03-08,2002
Manhunt,Series,Action-Adventure,Rockstar Games,Rockstar North,1.7,2003-11-19,2003
Senran Kagura,Series,Action-Adventure,Xseed Games,Tamsoft,1.65,2013-11-14,2013
Lollipop Chainsaw,Series,Action,Warner Bros. Interactive Entertainment,Grasshopper Manufacture,1.64,2012-06-12,2012
Poker Night,Series,Misc,Telltale Games,Telltale Games,1.62,2010-11-22,2010
Amnesia,Series,Adventure,Frictional Games,Frictional Games,1.58,2010-09-08,2010
Runaway,Series,Adventure,Tri Synergy,Pendulo Studios,1.5,2003-08-20,2003
Heroes of Might and Magic,Series,Strategy,New World Computing,New World Computing,1.5,1995-09-01,1995
Full of Cats,Series,Puzzle,Devcats,Devcats,1.5,2022-07-07,2022
Dracula: Resurrection,Series,Adventure,DreamCatcher Interactive,Index+,1.5,2000-06-01,2000
Star Wars: Rebel Assault,Series,Shooter,LucasArts,LucasArts,1.5,1993-11-01,1993
Rygar,Series,Action-Adventure,Tecmo,Tecmo,1.5,1987-04-17,1987
Attack on Titan,Series,Action,Spike Chunsoft,Spike Chunsoft,1.44,2013-12-05,2013
1942,Series,Shooter,Capcom,Capcom,1.4,1984-12-01,1984
Imperivm,Series,Strategy,Strategy First,Haemimont Games,1.35,2002-08-21,2002
Homeworld,Series,Strategy,Sierra Studios,Relic Entertainment,1.33,1999-09-28,1999
The Longest Journey,Series,Adventure,Tri Synergy,Funcom,1.3,2000-11-16,2000
We Ski,Series,Sports,Namco Bandai Games,Bandai Namco Studios,1.3,2008-05-13,2008
Red Steel,Series,Shooter,Ubisoft,Ubisoft Paris,1.22,2006-11-19,2006
Age of Wonders,Series,Strategy,Paradox Interactive,Triumph Studios,1.21,1999-11-11,1999
Space Quest,Series,Adventure,Sierra Online,Sierra On-Line,1.2,1986-10-01,1986
Endless,Series,Strategy,Iceberg Interactive,Amplitude Studios,1.2,2012-07-04,2012
Commando,Series,Shooter,Capcom,Capcom,1.2,1985-04-01,1985
Jane's AH-64D Longbow,Series,Simulation,Electronic Arts,Origin Systems,1.2,1996-01-01,1996
Legend of Grimrock,Series,Action-Adventure,Almost Human,Almost Human Games,1.16,2012-04-11,2012
Fate,Series,Visual Novel,Type-Moon,Type-Moon,1.11,2004-01-30,2004
Beatmania,Series,Music,Konami,Konami,1.09,1997-12-31,1997
Akiba,Series,Action,Acquire,Acquire,1.0,2011-05-19,2011
Music,Series,Music,Codemasters,Jester Interactive,1.0,1998-11-01,1998
Caesar,Series,Simulation,Sierra Online,Impressions Games,1.0,1992-10-12,1992
Atlantis,Series,Adventure,Interplay Productions,Cryo Interactive,1.0,1997-09-30,1997
Gangsters,Series,Strategy,Eidos Interactive,Hothouse Creations,1.0,1998-12-07,1998
Catherine,Series,Puzzle,Atlus,Atlus,1.0,2011-02-17,2011
The Incredible Machine,Series,Puzzle,Sierra Online,Jeff Tunnell Productions,1.0,1993-01-01,1993
Toukiden,Series,Role-Playing,Tecmo Koei,Omega Force,1.0,2014-02-11,2014
Untitled Goose Game,Series,Simulation,Panic,House House,1.0,2009-09-20,2009
Don't Starve,Series,Action-Adventure,Klei Entertainment,Klei Entertainment,1.0,2013-04-23,2013
Hellblade,Series,Action-Adventure,Ninja Theory,Ninja Theory,1.0,2017-08-08,2017
Putt-Putt,Series,Adventure,Humongous Entertainment,Humongous Entertainment,1.0,1993-01-01,1993
Galactic Civilizations,Series,Strategy,Strategy First,Stardock,0.88,2003-03-26,2003
Pool of Radiance,Series,Role-Playing,Strategic Simulations,Strategic Simulations,0.85,1988-06-01,1988
Little Big Adventure,Series,Action-Adventure,Electronic Arts,Adeline Software,0.8,1994-10-01,1994
Imperialism,Series,Strategy,Strategic Simulations,Frog City Software,0.8,1997-09-03,1997
Lamborghini,Series,Racing,Titus,Titus France SA,0.79,1994-01-01,1994
Civil War General,Series,Strategy,Sierra Online,Impressions Games,0.7,1996-08-24,1996
Cultures,Series,Strategy,Phenomedia,Funatics Software,0.7,2001-07-31,2001
Cake Mania,Series,Puzzle,Sandlot Games,Sandlot Games,0.7,2006-09-15,2006
Egypt,Series,Adventure,Cryo Interactive,Cryo Interactive,0.7,1997-01-01,1997
IndyCar Racing,Series,Racing,Papyrus,Papyrus Design Group,0.58,1993-01-01,1993
General,Series,Strategy,Strategic Simulations,Strategic Simulations,0.55,1994-01-01,1994
Persona Arena,Series,Fighting,Atlus,Arc System Works,0.5,2012-03-01,2012
Front Page Sports,Series,Sports,Dynamix,Dynamix,0.5,1992-01-01,1992
Still Life,Series,Adventure,The Adventure Company,Microids,0.5,2003-02-27,2003
Microsoft Entertainment Pack,Series,Misc,Microsoft,Microsoft,0.5,1990-01-01,1990
fault,Series,Visual Novel,Sekai Project,ALICE IN DISSONANCE,0.5,2014-12-15,2014
Uncle Albert,Series,Adventure,Emme Interactive,Lexis Numerique,0.5,1998-01-01,1998
Root Letter,Series,Visual Novel,PQube,Kadokawa Games,0.5,2016-11-10,2016
Ankh,Series,Adventure,bhv Software,DECK13 Interactive,0.5,2006-08-31,2006
Fairy Tail,Series,Role-Playing,Koei Tecmo,Gust,0.43,2020-07-31,2020
Dragonlance,Series,Role-Playing,Strategic Simulations,Strategic Simulations,0.41,1988-01-01,1988
God Wars,Series,Role-Playing,Kadokawa Games,Kadokawa Games,0.4,2017-06-20,2017
Dr. Brain,Series,Education,Sierra Online,Sierra On-Line,0.35,1991-01-01,1991
Agony,Series,Action-Adventure,PlayWay,Madmind Studio,0.31,2018-05-29,2018
Gabriel Knight,Series,Adventure,Sierra Online,Sierra On-Line,0.3,1993-12-17,1993
A-10 Tank Killer,Series,Simulation,Dynamix,Dynamix,0.25,1989-12-01,1989
Fables & Fiends,Series,Adventure,Virgin Games,Westwood Studios,0.25,1992-08-01,1992
Eye of the Beholder,Series,Role-Playing,Strategic Simulations,Westwood Associates,0.25,1991-01-01,1991
Manhunter,Series,Adventure,Sierra Online,Evryware,0.2,1988-01-01,1988
Photo Kano,Series,Simulation,Kadokawa Games,Dingo,0.2,2012-02-02,2012
Blue Reflection,Series,Role-Playing,Koei Tecmo,Gust,0.2,2017-09-26,2017
Enchanter,Series,Adventure,Infocom,"Infocom, Inc.",0.16,1983-08-10,1983
Super Seducer,Series,Simulation,RLR Training Inc,RLR Training Inc,0.13,2018-03-06,2018
Phantasie,Series,Role-Playing,Strategic Simulations,Strategic Simulations,0.13,1985-01-01,1985
Yomawari,Series,Adventure,NIS America,Nippon Ichi Software,0.1,2016-10-25,2016
Planetfall,Series,Adventure,Infocom,"Infocom, Inc.",0.1,1983-07-08,1983
Savage Frontier,Series,Role-Playing,Strategic Simulations,Beyond Software,0.09,1991-01-01,1991
Roadwar,Series,Strategy,Strategic Simulations,Strategic Simulations,0.06,1986-01-01,1986
Gemstone,Series,Action-Adventure,Strategic Simulations,Paradigm Creators,0.06,1984-01-01,1984
